fecha,satelite,cloud_cover,scene_id,RGB,SWIR,THERMAL,descargado,nivel
2026-03-24,landsat-8,15.34,LC08_L2SP_232085_20260324_02_T1,ok,ok,ok,2026-04-04 22:31,L2
2026-03-23,landsat-9,3.72,LC09_L2SP_233085_20260323_02_T1,ok,ok,ok,2026-04-04 22:32,L2
2026-03-16,landsat-9,41.16,LC09_L2SP_232085_20260316_02_T1,ok,ok,ok,2026-04-04 22:32,L2
2026-03-08,landsat-8,37.11,LC08_L2SP_232085_20260308_02_T1,ok,ok,ok,2026-04-04 22:32,L2
2026-03-07,landsat-9,13.91,LC09_L2SP_233085_20260307_02_T1,ok,ok,ok,2026-04-04 22:32,L2
2026-02-28,landsat-9,32.2,LC09_L2SP_232085_20260228_02_T1,ok,ok,ok,2026-04-04 22:32,L2
2026-02-27,landsat-8,68.33,LC08_L2SP_233085_20260227_02_T1,ok,ok,ok,2026-04-04 22:32,L2
2026-02-20,landsat-8,44.08,LC08_L2SP_232085_20260220_02_T1,ok,ok,ok,2026-04-04 22:32,L2
2026-02-19,landsat-9,0.34,LC09_L2SP_233085_20260219_02_T1,ok,ok,ok,2026-04-04 22:32,L2
2026-02-12,landsat-9,20.97,LC09_L2SP_232085_20260212_02_T1,ok,ok,ok,2026-04-04 22:32,L2
2026-02-11,landsat-8,34.97,LC08_L2SP_233085_20260211_02_T1,ok,ok,ok,2026-04-04 22:32,L2
2026-02-04,landsat-8,25.81,LC08_L2SP_232085_20260204_02_T1,ok,ok,ok,2026-04-04 22:32,L2
2026-02-03,landsat-9,76.29,LC09_L2SP_233085_20260203_02_T1,ok,ok,ok,2026-04-04 22:32,L2
2026-02-04,landsat-8,25.81,LC08_L2SP_232085_20260204_02_T1,ok,ok,ok,2026-04-05 05:43,L2
2026-04-08,landsat-9,39.37,LC09_L2SP_233085_20260408_02_T1,ok,ok,ok,2026-04-09 20:39,L2
2026-05-03,landsat-9,34.26,LC09_L2SP_232085_20260503_02_T1,ok,ok,ok,2026-05-05 11:09,L2
2026-04-25,landsat-8,2.02,LC08_L2SP_232085_20260425_02_T1,ok,ok,ok,2026-05-20 12:16,L2
2026-04-24,landsat-9,15.75,LC09_L2SP_233085_20260424_02_T1,ok,ok,ok,2026-05-20 12:16,L2
2026-05-19,LC09_L2SP_232085_20260519_20260520_02_T1,2,LC09_L2SP_232085_20260519_20260520_02_T1,ok,ok,ok,2026-05-26 16:37,L2
2026-05-11,LC08_L2SP_232085_20260511_20260515_02_T1,2,LC08_L2SP_232085_20260511_20260515_02_T1,ok,ok,ok,2026-05-26 16:38,L2
2026-05-10,LC09_L2SP_233084_20260510_20260511_02_T1,3,LC09_L2SP_233084_20260510_20260511_02_T1,ok,ok,ok,2026-05-26 16:38,L2
2026-05-02,LC08_L2SP_233084_20260502_20260514_02_T1,8,LC08_L2SP_233084_20260502_20260514_02_T1,ok,ok,ok,2026-05-26 16:38,L2
2026-05-26,LC09_L2SP_233084_20260526_20260527_02_T1,4,LC09_L2SP_233084_20260526_20260527_02_T1,ok,ok,ok,2026-05-28 13:02,L2
2026-05-18,LC08_L2SP_233084_20260518_20260528_02_T1,4,LC08_L2SP_233084_20260518_20260528_02_T1,ok,ok,ok,2026-05-29 12:45,L2
2026-05-27,LC08_L2SP_232085_20260527_20260604_02_T1,55,LC08_L2SP_232085_20260527_20260604_02_T1,ok,ok,ok,2026-06-05 09:04,L2
2026-06-04,LC09_L2SP_232085_20260604_20260605_02_T1,41,LC09_L2SP_232085_20260604_20260605_02_T1,ok,ok,ok,2026-06-07 20:58,L2
2026-06-11,LC09_L1TP_233085_20260611_20260611_02_T1,71,LC09_L1TP_233085_20260611_20260611_02_T1,ok,ok,ok,2026-06-12 19:02,L1
2026-06-03,LC08_L1GT_233085_20260603_20260603_02_RT,100,LC08_L1GT_233085_20260603_20260603_02_RT,ok,ok,ok,2026-06-12 19:02,L1
2026-06-12,LC08_L1TP_232085_20260612_20260612_02_RT,91,LC08_L1TP_232085_20260612_20260612_02_RT,ok,ok,ok,2026-06-12 21:02,L1
2026-06-03,LC08_L2SP_233085_20260603_20260612_02_T2,100,LC08_L2SP_233085_20260603_20260612_02_T2,ok,ok,ok,2026-06-13 13:26,L2
2026-06-11,LC09_L2SP_233085_20260611_20260613_02_T1,71,LC09_L2SP_233085_20260611_20260613_02_T1,ok,ok,ok,2026-06-13 23:09,L2
2026-06-12,LC08_L2SP_232085_20260612_20260618_02_T1,91,LC08_L2SP_232085_20260612_20260618_02_T1,ok,ok,ok,2026-06-19 11:14,L2
2026-06-19,LC08_L1TP_233085_20260619_20260619_02_RT,60,LC08_L1TP_233085_20260619_20260619_02_RT,ok,ok,ok,2026-06-20 09:59,L1
2026-06-20,LC09_L1TP_232085_20260620_20260620_02_T1,21,LC09_L1TP_232085_20260620_20260620_02_T1,ok,ok,ok,2026-06-20 21:03,L1
2026-06-20,LC09_L2SP_232085_20260620_20260623_02_T1,21,LC09_L2SP_232085_20260620_20260623_02_T1,ok,ok,ok,2026-06-23 13:40,L2
2026-06-27,LC09_L1TP_233085_20260627_20260627_02_T1,24,LC09_L1TP_233085_20260627_20260627_02_T1,ok,ok,ok,2026-06-28 16:59,L1
2026-06-19,LC08_L2SP_233085_20260619_20260627_02_T1,60,LC08_L2SP_233085_20260619_20260627_02_T1,ok,ok,ok,2026-06-28 21:57,L2
2026-06-27,LC09_L2SP_233085_20260627_20260628_02_T1,24,LC09_L2SP_233085_20260627_20260628_02_T1,ok,ok,ok,2026-06-29 00:00,L2
2026-06-28,LC08_L1TP_232085_20260628_20260628_02_RT,4,LC08_L1TP_232085_20260628_20260628_02_RT,ok,ok,ok,2026-06-29 07:23,L1
2026-07-05,LC08_L1TP_233085_20260705_20260705_02_RT,24,LC08_L1TP_233085_20260705_20260705_02_RT,ok,ok,ok,2026-07-06 11:22,L1
2026-07-06,LC09_L1TP_232085_20260706_20260706_02_T1,60,LC09_L1TP_232085_20260706_20260706_02_T1,ok,ok,ok,2026-07-07 07:30,L1
2026-07-06,LC09_L2SP_232085_20260706_20260707_02_T1,60,LC09_L2SP_232085_20260706_20260707_02_T1,ok,ok,ok,2026-07-07 23:48,L2
2026-06-28,LC08_L2SP_232085_20260628_20260707_02_T1,4,LC08_L2SP_232085_20260628_20260707_02_T1,ok,ok,ok,2026-07-08 20:26,L2
2026-07-13,LC09_L1TP_233085_20260713_20260713_02_T1,100,LC09_L1TP_233085_20260713_20260713_02_T1,ok,ok,ok,2026-07-14 07:04,L1
2026-07-13,LC09_L2SP_233085_20260713_20260714_02_T1,100,LC09_L2SP_233085_20260713_20260714_02_T1,ok,ok,ok,2026-07-14 13:04,L2
2026-07-14,LC08_L1TP_232085_20260714_20260714_02_RT,90,LC08_L1TP_232085_20260714_20260714_02_RT,ok,ok,ok,2026-07-14 21:46,L1
2026-07-05,LC08_L2SP_233085_20260705_20260716_02_T1,24,LC08_L2SP_233085_20260705_20260716_02_T1,ok,ok,ok,2026-07-17 20:53,L2
2026-07-21,LC08_L1GT_233085_20260721_20260721_02_RT,100,LC08_L1GT_233085_20260721_20260721_02_RT,ok,ok,ok,2026-07-22 07:31,L1
2026-07-22,LC09_L1TP_232085_20260722_20260722_02_T1,60,LC09_L1TP_232085_20260722_20260722_02_T1,ok,ok,ok,2026-07-23 05:05,L1
2026-07-14,LC08_L2SP_232085_20260714_20260722_02_T1,90,LC08_L2SP_232085_20260714_20260722_02_T1,ok,ok,ok,2026-07-23 05:05,L2
2026-07-22,LC09_L2SP_232085_20260722_20260723_02_T1,60,LC09_L2SP_232085_20260722_20260723_02_T1,ok,ok,ok,2026-07-23 16:26,L2
2026-07-21,LC08_L2SP_233085_20260721_20260725_02_T2,100,LC08_L2SP_233085_20260721_20260725_02_T2,ok,ok,ok,2026-07-26 12:54,L2
2026-07-29,LC09_L1GT_233085_20260729_20260729_02_T2,100,LC09_L1GT_233085_20260729_20260729_02_T2,ok,ok,ok,2026-07-30 07:28,L1
2026-07-29,LC09_L2SP_233085_20260729_20260730_02_T2,100,LC09_L2SP_233085_20260729_20260730_02_T2,ok,ok,ok,2026-07-30 15:02,L2
2026-07-30,LC08_L1TP_232085_20260730_20260730_02_RT,41,LC08_L1TP_232085_20260730_20260730_02_RT,ok,ok,ok,2026-07-30 20:12,L1
2026-08-06,LC08_L1TP_233085_20260806_20260806_02_RT,6,LC08_L1TP_233085_20260806_20260806_02_RT,ok,ok,ok,2026-08-06 22:43,L1
2026-08-07,LC09_L1TP_232085_20260807_20260807_02_T1,5,LC09_L1TP_232085_20260807_20260807_02_T1,ok,ok,ok,2026-08-08 05:35,L1
2026-08-07,LC09_L2SP_232085_20260807_20260808_02_T1,5,LC09_L2SP_232085_20260807_20260808_02_T1,ok,ok,ok,2026-08-08 20:17,L2
2026-07-30,LC08_L2SP_232085_20260730_20260811_02_T1,41,LC08_L2SP_232085_20260730_20260811_02_T1,ok,ok,ok,2026-08-12 05:27,L2
2026-08-06,LC08_L2SP_233085_20260806_20260812_02_T1,6,LC08_L2SP_233085_20260806_20260812_02_T1,ok,ok,ok,2026-08-13 10:03,L2
2026-08-14,LC09_L1GT_233085_20260814_20260814_02_T2,67,LC09_L1GT_233085_20260814_20260814_02_T2,ok,ok,ok,2026-08-14 22:13,L1
2026-08-14,LC09_L2SP_233085_20260814_20260815_02_T2,67,LC09_L2SP_233085_20260814_20260815_02_T2,ok,ok,ok,2026-08-15 17:13,L2
2026-08-15,LC08_L1TP_232085_20260815_20260815_02_RT,95,LC08_L1TP_232085_20260815_20260815_02_RT,ok,ok,ok,2026-08-16 07:24,L1
2026-08-22,LC08_L1TP_233085_20260822_20260822_02_RT,69,LC08_L1TP_233085_20260822_20260822_02_RT,ok,ok,ok,2026-08-23 07:27,L1
2026-08-23,LC09_L1TP_232085_20260823_20260823_02_T1,66,LC09_L1TP_232085_20260823_20260823_02_T1,ok,ok,ok,2026-08-24 07:49,L1
2026-08-15,LC08_L2SP_232085_20260815_20260823_02_T1,95,LC08_L2SP_232085_20260815_20260823_02_T1,ok,ok,ok,2026-08-24 16:26,L2
2026-08-23,LC09_L2SP_232085_20260823_20260824_02_T1,66,LC09_L2SP_232085_20260823_20260824_02_T1,ok,ok,ok,2026-08-24 20:20,L2
2026-08-30,LC09_L1TP_233085_20260830_20260830_02_T1,41,LC09_L1TP_233085_20260830_20260830_02_T1,ok,ok,ok,2026-08-30 21:44,L1
2026-08-30,LC09_L2SP_233085_20260830_20260831_02_T1,41,LC09_L2SP_233085_20260830_20260831_02_T1,ok,ok,ok,2026-08-31 16:37,L2
